Formato,Tiempo (s)
parquet,95.95181560516357
feather,89.79017186164856
json,42.44735288619995
csv,23.50343108177185
