Formato,Tiempo (s)
feather,83.22974729537964
json,52.36724901199341
parquet,93.2427089214325
csv,37.91654062271118
