Formato,Tiempo Lectura (s),Tiempo Orden (s)
json,68.8894157409668,43.723597049713135
parquet,24.989654541015625,106.76390767097473
feather,16.396458864212036,116.81118154525757
csv,115.39791965484619,36.10539937019348
