Formato,Tiempo (s)
feather,65.82346701622009
parquet,75.35067486763
json,38.33071684837341
csv,16.32104754447937
