Formato,Tiempo (s)
feather,77.03609156608582
parquet,72.32972478866577
json,33.573158979415894
csv,21.305667638778687
