Formato,Tiempo Lectura (s),Tiempo Orden (s)
parquet,20.918993711471558,81.15480041503906
feather,2.07956337928772,99.18825125694275
json,84.61270594596863,48.69910264015198
csv,113.93005466461182,25.12378716468811
