Formato,Tiempo Lectura (s),Tiempo Orden (s)
feather,9.393201351165771,15.861002683639526
parquet,20.75964117050171,14.316228866577148
json,64.2832944393158,10.40872597694397
csv,155.05035305023193,6.216828584671021
