Formato,Tiempo (s)
parquet,13.958211183547974
feather,14.283279418945312
json,10.85507345199585
csv,4.340967893600464
