Formato,Tiempo (s)
feather,16.499955892562866
parquet,19.727107048034668
json,9.386757373809814
csv,6.361932516098022
