Formato,Tiempo (s)
parquet,140.39768362045288
feather,139.77863883972168
json,99.7413101196289
csv,39.809072732925415
