Formato,Tiempo (s)
json,124.00076985359192
feather,183.23066210746765
parquet,173.47568225860596
csv,84.02594017982483
