Formato,Tiempo Lectura (s),Tiempo Orden (s)
json,62.51083517074585,113.6414098739624
feather,13.025149822235107,184.80469870567322
parquet,24.728954792022705,175.9707338809967
csv,155.69843816757202,56.16642618179321
