Formato,Tiempo (s)
parquet,75.22836542129517
feather,64.3623857498169
json,20.2457857131958
csv,12.835009574890137
