Formato,Tiempo (s)
feather,55.99580264091492
json,40.014071226119995
parquet,43.577128171920776
csv,12.227152347564697
