Formato,Tiempo (s)
feather,13.331953525543213
json,5.93172812461853
parquet,9.14240837097168
csv,0.689062833786011
