Formato,Tiempo (s)
parquet,13.988520860671997
feather,7.618075370788574
json,4.196464538574219
csv,2.170917510986328
