Formato,Tiempo (s)
feather,19.83455777168274
json,7.851818561553955
parquet,11.893194675445557
csv,1.200969934463501
