Formato,Tiempo (s)
feather,9.249817132949829
parquet,14.430985689163208
json,9.804282188415527
csv,3.410882711410522
