Formato,Tiempo (s)
feather,53.91753554344177
parquet,60.42647981643677
json,24.02205991744995
csv,10.692262649536133
