Formato,Tiempo (s)
feather,44.24259686470032
json,30.8217351436615
parquet,34.97484755516052
csv,9.469093322753906
